record_id,redacted_data_json,is_pii
1,"{""customer_id"": ""CUST001"", ""phone"": ""98XXXXXX10"", ""order_value"": 1299}",true
2,"{""name"": ""RXXX KXXX"", ""email"": ""raXXX@email.com"", ""city"": ""Mumbai""}",true
3,"{""first_name"": ""Priya"", ""product"": ""iPhone 14"", ""category"": ""Electronics""}",false
4,"{""aadhar"": ""1234 XXXX 9012"", ""transaction_type"": ""purchase""}",true
5,"{""email"": ""standalone@email.com"", ""product_id"": ""PROD123""}",false
6,"{""name"": ""AXXX SXXX"", ""address"": ""[SECURE_ADDRESS]"", ""ip_address"": ""192.168.XXX.XXX""}",true
7,"{""city"": ""Delhi"", ""pin_code"": ""110001"", ""product_category"": ""Fashion""}",false
8,"{""upi_id"": ""usXXX@paytm"", ""amount"": 500}",true
9,"{""last_name"": ""Sharma"", ""order_id"": ""ORD789456""}",false
10,"{""passport"": ""PXXXXXXX"", ""booking_reference"": ""BK123""}",true
11,"{""device_id"": ""DEV456789"", ""app_version"": ""2.1.4""}",false
12,"{""name"": ""SXXX PXXX"", ""email"": ""snXXX@gmail.com"", ""device_id"": ""MOB1XXXX3456""}",true
13,"{""transaction_id"": ""TXN987654"", ""amount"": 2500, ""status"": ""completed""}",false
14,"{""phone"": ""87XXXXXX09"", ""order_date"": ""2024-01-15""}",true
15,"{""state"": ""Maharashtra"", ""product_name"": ""Laptop Bag""}",false
16,"{""name"": ""VXXX RXXX"", ""address"": ""[SECURE_ADDRESS]"", ""email"": ""viXXX@company.com""}",true
17,"{""first_name"": ""Anita"", ""last_name_initial"": ""K"", ""age"": 28}",false
18,"{""aadhar"": ""9876 XXXX 1098"", ""verification_status"": ""verified""}",true
19,"{""email"": ""customer@service.com"", ""query_type"": ""refund""}",false
20,"{""upi_id"": ""91XXX@ybl"", ""merchant"": ""Flipkart""}",true
21,"{""product_description"": ""Samsung Galaxy S23"", ""price"": 65000}",false
22,"{""name"": ""DXXX AXXX"", ""phone"": ""78XXXXXX56"", ""email"": ""deXXX@email.com""}",true
23,"{""pin_code"": ""400001"", ""delivery_date"": ""2024-02-10""}",false
24,"{""passport"": ""MXXXXXXX"", ""travel_date"": ""2024-03-15""}",true
25,"{""customer_segment"": ""Premium"", ""loyalty_points"": 1500}",false
26,"{""name"": ""RXXX GXXX"", ""address"": ""[SECURE_ADDRESS]"", ""ip_address"": ""10.0.XXX.XXX""}",true
27,"{""order_type"": ""Express"", ""shipping_method"": ""same_day""}",false
28,"{""phone"": ""67XXXXXX45"", ""sms_consent"": true}",true
29,"{""username"": ""techguru"", ""last_login"": ""2024-01-20""}",false
30,"{""aadhar"": ""4567 XXXX 3045"", ""kyc_status"": ""pending""}",true
31,"{""category"": ""Books"", ""author"": ""Chetan Bhagat""}",false
32,"{""name"": ""MXXX JXXX"", ""email"": ""meXXX@workplace.com"", ""device_type"": ""Android""}",true
33,"{""session_id"": ""SESS789123"", ""duration"": ""45 minutes""}",false
34,"{""upi_id"": ""meXXX@okaxis"", ""payment_method"": ""UPI""}",true
35,"{""region"": ""North India"", ""warehouse_code"": ""WH001""}",false
36,"{""name"": ""AXXX MXXX"", ""address"": ""[SECURE_ADDRESS]"", ""phone"": ""90XXXXXX78""}",true
37,"{""subscription_type"": ""Premium"", ""renewal_date"": ""2024-06-15""}",false
38,"{""passport"": ""LXXXXXXX"", ""country"": ""India""}",true
39,"{""first_name"": ""Kavya"", ""gender"": ""Female"", ""age_group"": ""25-35""}",false
40,"{""aadhar"": ""2345 XXXX 0123"", ""bank_verification"": ""success""}",true
41,"{""brand"": ""Nike"", ""model"": ""Air Max"", ""size"": ""9""}",false
42,"{""name"": ""SXXX NXXX"", ""email"": ""siXXX@tech.com"", ""ip_address"": ""203.192.XXX.XXX""}",true
43,"{""currency"": ""INR"", ""exchange_rate"": 83.25}",false
44,"{""phone"": ""89XXXXXX67"", ""notification_preference"": ""SMS""}",true
45,"{""product_rating"": 4.5, ""review_count"": 150}",false
46,"{""upi_id"": ""faXXX@ibl"", ""family_size"": 4}",true
47,"{""zip_code"": ""560001"", ""delivery_zone"": ""Zone_A""}",false
48,"{""name"": ""PXXX DXXX"", ""address"": ""[SECURE_ADDRESS]"", ""email"": ""poXXX@email.in""}",true
49,"{""app_name"": ""Flipkart"", ""version"": ""8.21.0""}",false
50,"{""passport"": ""KXXXXXXX"", ""issue_date"": ""2020-05-10""}",true
51,"{""last_name"": ""Iyer"", ""profession"": ""Software Engineer""}",false
52,"{""aadhar"": ""3456 XXXX 1234"", ""address_proof"": ""verified""}",true
53,"{""email"": ""support@flipkart.com"", ""ticket_id"": ""TICK456""}",false
54,"{""name"": ""RXXX KXXX"", ""phone"": ""70XXXXXX89"", ""device_id"": ""ANDRXXXXD789""}",true
55,"{""search_query"": ""bluetooth headphones"", ""filters"": ""price,brand""}",false
56,"{""upi_id"": ""87XXX@paytm"", ""auto_debit"": true}",true
57,"{""state_code"": ""MH"", ""gst_number"": ""27ABCDE1234F1Z5""}",false
58,"{""name"": ""LXXX VXXX"", ""email"": ""laXXX@company.org"", ""address"": ""[SECURE_ADDRESS]""}",true
59,"{""feature_flag"": ""new_checkout"", ""enabled"": true}",false
60,"{""phone"": ""93XXXXXX12"", ""otp_verification"": ""pending""}",true
61,"{""discount_code"": ""SAVE20"", ""validity"": ""2024-03-31""}",false
62,"{""passport"": ""AXXXXXXX"", ""nationality"": ""Indian""}",true
63,"{""first_name"": ""Rohan"", ""wishlist_count"": 15}",false
64,"{""aadhar"": ""5678 XXXX 3456"", ""biometric_status"": ""matched""}",true
65,"{""payment_gateway"": ""Razorpay"", ""transaction_fee"": 25}",false
66,"{""name"": ""NXXX BXXX"", ""address"": ""[SECURE_ADDRESS]"", ""ip_address"": ""122.161.XXX.XXX""}",true
67,"{""inventory_id"": ""INV789"", ""stock_level"": 50}",false
68,"{""upi_id"": ""buXXX@axisbank"", ""merchant_category"": ""retail""}",true
69,"{""city"": ""Hyderabad"", ""weather"": ""partly_cloudy""}",false
70,"{""phone"": ""84XXXXXX23"", ""call_preference"": ""evening""}",true
71,"{""coupon_code"": ""FIRST10"", ""usage_count"": 1}",false
72,"{""name"": ""KXXX SXXX"", ""email"": ""kaXXX@work.com"", ""device_type"": ""iOS""}",true
73,"{""logistics_partner"": ""BlueDart"", ""tracking_id"": ""BD123456789""}",false
74,"{""passport"": ""HXXXXXXX"", ""expiry_date"": ""2030-12-15""}",true
75,"{""age"": 32, ""income_bracket"": ""middle_class""}",false
76,"{""aadhar"": ""6789 XXXX 4567"", ""mobile_linked"": true}",true
77,"{""return_reason"": ""size_issue"", ""refund_amount"": 899}",false
78,"{""name"": ""DXXX SXXX"", ""phone"": ""71XXXXXX90"", ""email"": ""diXXX@personal.com""}",true
79,"{""seller_id"": ""SELLER001"", ""rating"": 4.2}",false
80,"{""upi_id"": ""shXXX@hdfcbank"", ""settlement_cycle"": ""T+2""}",true
81,"{""recommendation_type"": ""collaborative"", ""confidence"": 0.85}",false
82,"{""name"": ""MXXX AXXX"", ""address"": ""[SECURE_ADDRESS]"", ""email"": ""maXXX@email.com""}",true
83,"{""api_version"": ""v2.1"", ""response_time"": ""120ms""}",false
84,"{""phone"": ""95XXXXXX23"", ""language_preference"": ""Hindi""}",true
85,"{""last_name"": ""Reddy"", ""occupation"": ""Doctor""}",false
86,"{""passport"": ""TXXXXXXX"", ""visa_required"": false}",true
87,"{""affiliate_id"": ""AFF789"", ""commission_rate"": 5}",false
88,"{""aadhar"": ""7890 XXXX 5678"", ""ekyc_timestamp"": ""2024-01-15T10:30:00Z""}",true
89,"{""utm_source"": ""google"", ""campaign"": ""winter_sale""}",false
90,"{""name"": ""AXXX RXXX"", ""email"": ""anXXX@university.edu"", ""ip_address"": ""157.49.XXX.XXX""}",true
91,"{""fraud_score"": 0.15, ""risk_level"": ""low""}",false
92,"{""upi_id"": ""78XXX@ybl"", ""bank_name"": ""State Bank""}",true
93,"{""search_filter"": ""electronics"", ""sort_by"": ""price_low_to_high""}",false
94,"{""phone"": ""82XXXXXX90"", ""two_factor_auth"": true}",true
95,"{""first_name"": ""Arun"", ""cart_value"": 2500}",false
96,"{""name"": ""PXXX KXXX"", ""address"": ""[SECURE_ADDRESS]"", ""phone"": ""67XXXXXX45""}",true
97,"{""machine_learning_model"": ""recommendation_v3"", ""accuracy"": 0.92}",false
98,"{""passport"": ""RXXXXXXX"", ""place_of_issue"": ""Mumbai""}",true
99,"{""city"": ""Bangalore"", ""traffic_condition"": ""moderate""}",false
100,"{""aadhar"": ""8901 XXXX 6789"", ""consent_given"": true}",true
101,"{""email"": ""newsletter@flipkart.com"", ""unsubscribe_rate"": 0.02}",false
102,"{""name"": ""SXXX PXXX"", ""email"": ""suXXX@office.com"", ""device_id"": ""TAB4XXXX6789""}",true
103,"{""performance_metric"": ""page_load_time"", ""value"": ""2.1s""}",false
104,"{""upi_id"": ""quXXX@kotak"", ""limit_daily"": 50000}",true
105,"{""last_name"": ""Gupta"", ""education"": ""MBA""}",false
106,"{""phone"": ""79XXXXXX67"", ""marketing_consent"": false}",true
107,"{""analytics_event"": ""product_view"", ""timestamp"": ""2024-01-20T14:22:33Z""}",false
108,"{""name"": ""RXXX JXXX"", ""address"": ""[SECURE_ADDRESS]"", ""email"": ""raXXX@workplace.in""}",true
109,"{""cache_hit_ratio"": 0.78, ""response_cached"": true}",false
110,"{""passport"": ""SXXXXXXX"", ""passport_type"": ""ordinary""}",true
111,"{""first_name"": ""Vivek"", ""subscription_status"": ""active""}",false
112,"{""aadhar"": ""9012 XXXX 7890"", ""demographic_verified"": true}",true
113,"{""a_b_test"": ""checkout_flow_v2"", ""variant"": ""B""}",false
114,"{""name"": ""KXXX MXXX"", ""phone"": ""83XXXXXX01"", ""email"": ""kaXXX@gmail.com""}",true
115,"{""geo_location"": ""lat:12.9716,lng:77.5946"", ""accuracy"": ""10m""}",false
116,"{""upi_id"": ""65XXX@paytm"", ""merchant_type"": ""individual""}",true
117,"{""database_query"": ""SELECT * FROM products"", ""execution_time"": ""45ms""}",false
118,"{""phone"": ""98XXXXXX10"", ""device_brand"": ""Samsung""}",true
119,"{""last_name"": ""Singh"", ""marital_status"": ""married""}",false
120,"{""name"": ""AXXX PXXX"", ""address"": ""[SECURE_ADDRESS]"", ""ip_address"": ""49.15.XXX.XXX""}",true
121,"{""content_type"": ""application/json"", ""encoding"": ""utf-8""}",false
122,"{""passport"": ""QXXXXXXX"", ""biometric_enrolled"": true}",true
123,"{""city"": ""Coimbatore"", ""pincode"": ""641001""}",false
124,"{""aadhar"": ""0123 XXXX 8901"", ""otp_verified"": true}",true
125,"{""recommendation_engine"": ""neural_cf"", ""training_date"": ""2024-01-01""}",false
126,"{""name"": ""GXXX RXXX"", ""email"": ""geXXX@company.com"", ""device_type"": ""Desktop""}",true
127,"{""webhook_url"": ""https://api.example.com/webhook"", ""status"": ""active""}",false
128,"{""upi_id"": ""shXXX@icici"", ""autopay_enabled"": false}",true
129,"{""first_name"": ""Mohit"", ""preferred_language"": ""English""}",false
130,"{""phone"": ""74XXXXXX12"", ""carrier"": ""Airtel""}",true
131,"{""inventory_turnover"": 4.2, ""stock_out_rate"": 0.08}",false
132,"{""name"": ""SXXX KXXX"", ""address"": ""[SECURE_ADDRESS]"", ""phone"": ""80XXXXXX79""}",true
133,"{""service_level"": ""premium"", ""response_time_sla"": ""< 1 hour""}",false
134,"{""passport"": ""BXXXXXXX"", ""emergency_contact"": ""+91-9876543210""}",true
135,"{""last_name"": ""Nair"", ""hobby"": ""photography""}",false
136,"{""aadhar"": ""1234 XXXX 7654"", ""photo_verification"": ""passed""}",true
137,"{""feature_toggle"": ""new_ui"", ""rollout_percentage"": 25}",false
138,"{""name"": ""HXXX KXXX"", ""email"": ""haXXX@tech.org"", ""ip_address"": ""203.88.XXX.XXX""}",true
139,"{""data_pipeline"": ""etl_v2"", ""processed_records"": 1000000}",false
140,"{""upi_id"": ""54XXX@ybl"", ""transaction_limit"": 100000}",true
141,"{""search_algorithm"": ""elasticsearch"", ""index_size"": ""2.5GB""}",false
142,"{""phone"": ""91XXXXXX89"", ""roaming_status"": false}",true
143,"{""city"": ""Kochi"", ""state"": ""Kerala""}",false
144,"{""name"": ""RXXX SXXX"", ""address"": ""[SECURE_ADDRESS]"", ""email"": ""riXXX@company.net""}",true
145,"{""microservice"": ""user_service"", ""health_status"": ""healthy""}",false
146,"{""passport"": ""NXXXXXXX"", ""pages_remaining"": 28}",true
147,"{""first_name"": ""Deepak"", ""loyalty_tier"": ""gold""}",false
148,"{""aadhar"": ""2345 XXXX 8765"", ""fingerprint_matched"": true}",true
149,"{""cdn_cache"": ""cloudflare"", ""hit_ratio"": 0.89}",false
150,"{""name"": ""PXXX CXXX"", ""phone"": ""78XXXXXX56"", ""email"": ""prXXX@personal.in""}",true
151,"{""log_level"": ""INFO"", ""message"": ""Transaction completed successfully""}",false
152,"{""upi_id"": ""faXXX@sbi"", ""beneficiary_count"": 3}",true
153,"{""machine_id"": ""ML789"", ""cpu_utilization"": 65}",false
154,"{""phone"": ""85XXXXXX23"", ""do_not_disturb"": true}",true
155,"{""last_name"": ""Mishra"", ""department"": ""Engineering""}",false
156,"{""name"": ""AXXX BXXX"", ""address"": ""[SECURE_ADDRESS]"", ""ip_address"": ""117.196.XXX.XXX""}",true
157,"{""kubernetes_pod"": ""api-server-v2"", ""replicas"": 3}",false
158,"{""passport"": ""GXXXXXXX"", ""sponsor_required"": false}",true
159,"{""city"": ""Indore"", ""region"": ""Central India""}",false
160,"{""aadhar"": ""3456 XXXX 9876"", ""iris_scan"": ""verified""}",true
161,"{""email"": ""admin@system.com"", ""role"": ""system_admin""}",false
162,"{""name"": ""SXXX JXXX"", ""email"": ""saXXX@workplace.com"", ""device_id"": ""LAPTXXXXP123""}",true
163,"{""ssl_certificate"": ""valid"", ""expiry"": ""2024-12-31""}",false
164,"{""upi_id"": ""43XXX@okaxis"", ""insurance_linked"": true}",true
165,"{""first_name"": ""Neha"", ""age_verification"": ""completed""}",false
166,"{""phone"": ""92XXXXXX90"", ""backup_number"": ""+91-8765432109""}",true
167,"{""monitoring_alert"": ""high_memory_usage"", ""threshold_exceeded"": true}",false
168,"{""name"": ""VXXX AXXX"", ""address"": ""[SECURE_ADDRESS]"", ""phone"": ""73XXXXXX01""}",true
169,"{""load_balancer"": ""nginx"", ""upstream_servers"": 4}",false
170,"{""passport"": ""FXXXXXXX"", ""travel_history"": ""USA,UAE,UK""}",true
171,"{""last_name"": ""Patel"", ""blood_group"": ""O+""}",false
172,{},false
173,"{""api_rate_limit"": 1000, ""current_usage"": 245}",false
174,"{""name"": ""AXXX VXXX"", ""email"": ""anXXX@office.in"", ""ip_address"": ""59.144.XXX.XXX""}",true
175,"{""database_connection"": ""mysql"", ""pool_size"": 20}",false
176,"{""upi_id"": ""waXXX@phonepe"", ""balance_inquiry"": true}",true
177,"{""city"": ""Nagpur"", ""timezone"": ""Asia/Kolkata""}",false
178,"{""phone"": ""89XXXXXX67"", ""international_roaming"": false}",true
179,"{""first_name"": ""Rakesh"", ""credit_score"": 750}",false
180,"{""name"": ""SXXX DXXX"", ""address"": ""[SECURE_ADDRESS]"", ""email"": ""suXXX@email.org""}",true
181,"{""message_queue"": ""rabbitmq"", ""queue_depth"": 150}",false
182,"{""passport"": ""VXXXXXXX"", ""diplomatic_status"": false}",true
183,"{""last_name"": ""Yadav"", ""experience"": ""5 years""}",false
184,{},false
185,"{""security_scan"": ""passed"", ""vulnerabilities_found"": 0}",false
186,"{""name"": ""RXXX SXXX"", ""phone"": ""67XXXXXX45"", ""email"": ""riXXX@company.com""}",true
187,"{""container_registry"": ""docker_hub"", ""image_version"": ""v1.2.3""}",false
188,"{""upi_id"": ""32XXX@paytm"", ""pin_change_required"": false}",true
189,"{""city"": ""Chandigarh"", ""weather_forecast"": ""sunny""}",false
190,"{""phone"": ""76XXXXXX34"", ""fiber_connection"": true}",true
191,"{""first_name"": ""Manoj"", ""vehicle_type"": ""sedan""}",false
192,"{""name"": ""KXXX RXXX"", ""address"": ""[SECURE_ADDRESS]"", ""ip_address"": ""14.139.XXX.XXX""}",true
193,"{""elastic_search"": ""cluster_healthy"", ""nodes"": 5}",false
194,"{""passport"": ""JXXXXXXX"", ""minor_dependent"": false}",true
195,"{""last_name"": ""Jain"", ""dietary_preference"": ""vegetarian""}",false
196,"{""aadhar"": ""6789 XXXX 2109"", ""family_head"": true}",true
197,"{""prometheus_metric"": ""http_requests_total"", ""value"": 50000}",false
198,"{""name"": ""AXXX TXXX"", ""email"": ""abXXX@work.com"", ""device_type"": ""Mobile""}",true
199,"{""grafana_dashboard"": ""system_overview"", ""panels"": 12}",false
200,"{""upi_id"": ""saXXX@unionbank"", ""interest_rate"": 3.5}",true
201,"{""city"": ""Bhopal"", ""air_quality"": ""moderate""}",false
202,"{""phone"": ""90XXXXXX78"", ""plan_type"": ""postpaid""}",true
203,"{""first_name"": ""Shalini"", ""favorite_color"": ""blue""}",false
204,"{""name"": ""RXXX MXXX"", ""address"": ""[SECURE_ADDRESS]"", ""phone"": ""81XXXXXX90""}",true
205,"{""jenkins_build"": ""successful"", ""build_number"": 156}",false
206,{},false
207,"{""last_name"": ""Chopra"", ""shoe_size"": 9}",false
208,"{""aadhar"": ""7890 XXXX 3210"", ""nomination_updated"": true}",true
209,"{""terraform_state"": ""applied"", ""resources"": 23}",false
210,"{""name"": ""SXXX SXXX"", ""email"": ""shXXX@personal.com"", ""ip_address"": ""122.161.XXX.XXX""}",true
211,"{""ansible_playbook"": ""deploy_app"", ""tasks"": 15}",false
212,"{""upi_id"": ""21XXX@ybl"", ""kyc_level"": ""full""}",true
213,"{""city"": ""Vadodara"", ""population"": 1670000}",false
214,"{""phone"": ""84XXXXXX12"", ""signal_strength"": ""-65dBm""}",true
215,"{""first_name"": ""Gaurav"", ""t_shirt_size"": ""L""}",false
216,"{""name"": ""MXXX DXXX"", ""address"": ""[SECURE_ADDRESS]"", ""email"": ""maXXX@bollywood.com""}",true
217,"{""docker_compose"": ""version_3"", ""services"": 8}",false
218,"{""passport"": ""IXXXXXXX"", ""blood_type"": ""A+""}",true
219,"{""last_name"": ""Bansal"", ""coffee_preference"": ""cappuccino""}",false
220,"{""aadhar"": ""8901 XXXX 4321"", ""senior_citizen"": false}",true
221,"{""nagios_check"": ""ok"", ""last_check"": ""2024-01-20T15:30:00Z""}",false
222,"{""name"": ""NXXX SXXX"", ""phone"": ""72XXXXXX90"", ""email"": ""niXXX@tech.in""}",true
223,"{""zabbix_host"": ""web_server_01"", ""status"": ""monitored""}",false
224,"{""upi_id"": ""buXXX@yesbank"", ""gst_registered"": true}",true
225,"{""city"": ""Surat"", ""textile_hub"": true}",false
226,"{""phone"": ""93XXXXXX12"", ""voicemail_enabled"": false}",true
227,"{""first_name"": ""Pooja"", ""pet_name"": ""Bruno""}",false
228,"{""name"": ""KXXX KXXX"", ""address"": ""[SECURE_ADDRESS]"", ""ip_address"": ""203.192.XXX.XXX""}",true
229,"{""splunk_index"": ""main"", ""events_per_day"": 1000000}",false
230,"{""passport"": ""OXXXXXXX"", ""dual_citizenship"": false}",true
231,"{""last_name"": ""Agrawal"", ""music_preference"": ""classical""}",false
232,"{""aadhar"": ""9012 XXXX 5432"", ""disability_certificate"": false}",true
233,"{""elk_stack"": ""7.10.2"", ""log_retention"": ""30_days""}",false
234,"{""name"": ""SXXX NXXX"", ""email"": ""swXXX@university.ac.in"", ""device_id"": ""STU7XXXX9123""}",true
235,"{""redis_cache"": ""cluster_mode"", ""memory_usage"": ""2.1GB""}",false
236,"{""upi_id"": ""10XXX@paytm"", ""fraud_alert"": false}",true
237,"{""city"": ""Jodhpur"", ""heritage_site"": true}",false
238,"{""phone"": ""86XXXXXX34"", ""emergency_contact"": true}",true
239,"{""first_name"": ""Arpit"", ""gaming_preference"": ""FPS""}",false
240,"{""name"": ""GXXX PXXX"", ""address"": ""[SECURE_ADDRESS]"", ""phone"": ""68XXXXXX57""}",true
241,"{""memcached"": ""1.6.9"", ""hit_ratio"": 0.84}",false
242,"{""passport"": ""UXXXXXXX"", ""organ_donor"": true}",true
243,"{""last_name"": ""Kulkarni"", ""sports_preference"": ""cricket""}",false
244,"{""aadhar"": ""0123 XXXX 6543"", ""pan_linked"": true}",true
245,"{""fluentd_buffer"": ""file"", ""buffer_size"": ""256MB""}",false
246,"{""name"": ""TXXX GXXX"", ""email"": ""taXXX@startup.io"", ""ip_address"": ""49.15.XXX.XXX""}",true
247,"{""haproxy_backend"": ""app_servers"", ""active_servers"": 6}",false
248,"{""upi_id"": ""09XXX@okaxis"", ""reward_points"": 2500}",true
249,"{""city"": ""Agra"", ""monument"": ""Taj Mahal""}",false
250,"{""phone"": ""77XXXXXX45"", ""data_plan"": ""unlimited""}",true
251,"{""first_name"": ""Shruti"", ""zodiac_sign"": ""Leo""}",false
252,"{""name"": ""VXXX DXXX"", ""address"": ""[SECURE_ADDRESS]"", ""email"": ""vaXXX@actor.com""}",true
253,"{""cassandra_cluster"": ""3_nodes"", ""replication_factor"": 3}",false
254,"{""passport"": ""ZXXXXXXX"", ""machine_readable"": true}",true
255,"{""last_name"": ""Sinha"", ""reading_habit"": ""fiction""}",false
256,"{""aadhar"": ""1234 XXXX 5432"", ""uan_linked"": true}",true
257,"{""neo4j_database"": ""graph_analytics"", ""node_count"": 50000}",false
258,"{""name"": ""RXXX DXXX"", ""phone"": ""98XXXXXX10"", ""email"": ""riXXX@film.in""}",true
259,"{""apache_kafka"": ""2.8.0"", ""topics"": 25}",false
260,"{""upi_id"": ""98XXX@ibl"", ""standing_instruction"": true}",true
261,"{""city"": ""Guwahati"", ""tea_capital"": true}",false
262,"{""phone"": ""61XXXXXX89"", ""hotspot_enabled"": true}",true
263,"{""first_name"": ""Tanvi"", ""dance_form"": ""bharatanatyam""}",false
264,"{""name"": ""SXXX TXXX"", ""address"": ""[SECURE_ADDRESS]"", ""ip_address"": ""203.88.XXX.XXX""}",true
265,"{""airflow_dag"": ""data_pipeline"", ""schedule_interval"": ""@daily""}",false
266,"{""passport"": ""WXXXXXXX"", ""special_endorsement"": false}",true
267,"{""last_name"": ""Pandey"", ""cooking_skill"": ""intermediate""}",false
268,"{""aadhar"": ""2345 XXXX 6543"", ""ration_card_linked"": true}",true
269,"{""spark_cluster"": ""4_workers"", ""memory"": ""16GB""}",false
270,"{""name"": ""AXXX BXXX"", ""email"": ""alXXX@bollywood.in"", ""device_type"": ""iPhone""}",true
271,"{""hdfs_replication"": 3, ""block_size"": ""128MB""}",false
272,"{""upi_id"": ""87XXX@ybl"", ""max_transaction_limit"": 200000}",true
273,"{""city"": ""Dehradun"", ""hill_station"": true}",false
274,"{""phone"": ""95XXXXXX23"", ""call_forwarding"": false}",true
275,"{""first_name"": ""Yash"", ""favorite_cuisine"": ""Italian""}",false
276,"{""name"": ""DXXX PXXX"", ""address"": ""[SECURE_ADDRESS]"", ""phone"": ""89XXXXXX67""}",true
277,"{""mongodb_replica"": ""primary"", ""oplog_size"": ""2GB""}",false
278,"{""passport"": ""EXXXXXXX"", ""chip_enabled"": true}",true
279,"{""last_name"": ""Gupta"", ""travel_frequency"": ""frequent""}",false
280,"{""aadhar"": ""3456 XXXX 6543"", ""voter_id_linked"": true}",true
281,"{""postgresql_version"": ""13.4"", ""extensions"": ""postgis,pg_stat_statements""}",false
282,"{""name"": ""RXXX KXXX"", ""email"": ""raXXX@movies.com"", ""ip_address"": ""117.196.XXX.XXX""}",true
283,"{""consul_cluster"": ""3_agents"", ""leader_election"": true}",false
284,"{""upi_id"": ""76XXX@paytm"", ""mobile_banking"": true}",true
285,"{""city"": ""Shimla"", ""altitude"": ""2205m""}",false
286,"{""phone"": ""82XXXXXX90"", ""wifi_calling"": true}",true
287,"{""first_name"": ""Ishita"", ""language_skills"": ""Hindi,English,French""}",false
288,"{""name"": ""HXXX RXXX"", ""address"": ""[SECURE_ADDRESS]"", ""email"": ""hrXXX@superstar.in""}",true
289,"{""vault_secrets"": ""encrypted"", ""policies"": 8}",false
290,"{""passport"": ""DXXXXXXX"", ""photo_biometric"": true}",true
291,"{""last_name"": ""Saxena"", ""workout_routine"": ""yoga""}",false
292,"{""aadhar"": ""4567 XXXX 6543"", ""driving_license_linked"": true}",true
293,"{""kubernetes_ingress"": ""nginx"", ""ssl_termination"": true}",false
294,"{""name"": ""KXXX KXXX"", ""phone"": ""71XXXXXX90"", ""email"": ""kaXXX@actress.com""}",true
295,"{""etcd_cluster"": ""healthy"", ""raft_applied_index"": 1000000}",false
296,"{""upi_id"": ""65XXX@okaxis"", ""joint_account"": false}",true
297,"{""city"": ""Manali"", ""skiing_season"": ""winter""}",false
298,"{""phone"": ""97XXXXXX45"", ""conference_calling"": true}",true
299,"{""first_name"": ""Naman"", ""programming_language"": ""Python""}",false
300,"{""name"": ""PXXX CXXX"", ""address"": ""[SECURE_ADDRESS]"", ""ip_address"": ""59.144.XXX.XXX""}",true
301,"{""istio_mesh"": ""enabled"", ""sidecar_injection"": true}",false
302,"{""passport"": ""KXXXXXXX"", ""rfid_enabled"": true}",true
303,"{""last_name"": ""Tiwari"", ""meditation_practice"": ""mindfulness""}",false
304,"{""aadhar"": ""5678 XXXX 2109"", ""health_insurance_linked"": true}",true
305,"{""linkerd_proxy"": ""stable-2.11.1"", ""success_rate"": 99.9}",false
306,"{""name"": ""AXXX KXXX"", ""email"": ""akXXX@actionhero.in"", ""device_id"": ""[HIDDEN_DEVICE]""}",true
307,"{""opentelemetry"": ""enabled"", ""traces_per_second"": 1000}",false
308,"{""upi_id"": ""54XXX@ybl"", ""credit_card_linked"": true}",true
309,"{""city"": ""Ooty"", ""tea_gardens"": true}",false
310,"{""phone"": ""80XXXXXX78"", ""5g_enabled"": true}",true
311,"{""first_name"": ""Sneha"", ""fitness_goal"": ""weight_loss""}",false
312,"{""name"": ""SXXX KXXX"", ""address"": ""[SECURE_ADDRESS]"", ""phone"": ""91XXXXXX80""}",true
313,"{""jaeger_tracing"": ""distributed"", ""spans_collected"": 50000}",false
314,"{""passport"": ""MXXXXXXX"", ""biometric_exit"": true}",true
315,"{""last_name"": ""Mahajan"", ""hobby"": ""painting""}",false
316,"{""aadhar"": ""6789 XXXX 3210"", ""life_insurance_linked"": true}",true
317,"{""zipkin_spans"": ""sampled"", ""sampling_rate"": 0.1}",false
318,"{""name"": ""AXXX KXXX"", ""email"": ""aaXXX@perfectionist.com"", ""ip_address"": ""14.139.XXX.XXX""}",true
319,"{""flagger_canary"": ""progressive"", ""success_threshold"": 99}",false
320,"{""upi_id"": ""43XXX@paytm"", ""fixed_deposit_linked"": true}",true
321,"{""city"": ""Nainital"", ""lake_city"": true}",false
322,"{""phone"": ""73XXXXXX01"", ""volte_enabled"": true}",true
323,"{""first_name"": ""Rajat"", ""investment_portfolio"": ""balanced""}",false
324,"{""name"": ""SXXX RXXX KXXX"", ""address"": ""[SECURE_ADDRESS]"", ""email"": ""srk@kingkhan.in""}",true
325,"{""argo_cd"": ""v2.4.0"", ""applications"": 15}",false
326,"{""passport"": ""AXXXXXXX"", ""fast_track_eligible"": true}",true
327,"{""last_name"": ""Verma"", ""social_media"": ""LinkedIn""}",false
328,"{""order_id"": ""ORD123456"", ""product_category"": ""Electronics"", ""status"": ""delivered""}",false
329,"{""transaction_id"": ""TXN789012"", ""payment_method"": ""credit_card"", ""amount"": 15000}",false
330,"{""product_sku"": ""SKU456789"", ""brand"": ""Samsung"", ""rating"": 4.5}",false
331,"{""campaign_id"": ""CAM123"", ""click_rate"": 0.045, ""conversion"": 0.12}",false
332,"{""session_id"": ""SESS456"", ""page_views"": 8, ""bounce_rate"": 0.25}",false
333,"{""warehouse_code"": ""WH001"", ""inventory_level"": 150, ""reorder_point"": 50}",false
334,"{""coupon_code"": ""SAVE20"", ""discount_percentage"": 20, ""usage_limit"": 1000}",false
335,"{""api_key"": ""API789"", ""requests_per_minute"": 500, ""quota_exceeded"": false}",false
336,"{""batch_id"": ""BATCH123"", ""processed_records"": 50000, ""error_count"": 12}",false
337,"{""log_entry"": ""INFO"", ""timestamp"": ""2024-01-20T10:30:00Z"", ""module"": ""payment_service""}",false
338,"{""metric_name"": ""response_time"", ""value"": 120, ""unit"": ""milliseconds""}",false
339,"{""feature_flag"": ""new_checkout"", ""enabled"": true, ""rollout_percentage"": 50}",false
340,"{""service_name"": ""user_service"", ""version"": ""v2.1.0"", ""health_status"": ""healthy""}",false
341,"{""database_name"": ""primary"", ""connection_pool"": 20, ""active_connections"": 15}",false
342,"{""queue_name"": ""order_processing"", ""message_count"": 245, ""consumers"": 3}",false
343,"{""cache_key"": ""user_profile_123"", ""ttl"": 3600, ""hit_ratio"": 0.85}",false
344,"{""deployment_id"": ""DEP456"", ""environment"": ""production"", ""rollback_available"": true}",false
345,"{""alert_id"": ""ALT789"", ""severity"": ""warning"", ""acknowledged"": false}",false
346,"{""backup_id"": ""BAK123"", ""size"": ""2.5GB"", ""verification"": ""passed""}",false
347,"{""test_suite"": ""integration_tests"", ""passed"": 145, ""failed"": 3}",false
348,"{""build_number"": ""BUILD789"", ""commit_hash"": ""abc123def"", ""deployment_time"": ""2024-01-20T14:25:00Z""}",false
349,"{""region"": ""ap-south-1"", ""availability_zone"": ""ap-south-1a"", ""instance_type"": ""t3.medium""}",false
350,"{""security_scan"": ""vulnerability_assessment"", ""high_risk"": 0, ""medium_risk"": 2}",false
351,"{""load_balancer"": ""ALB"", ""target_groups"": 2, ""healthy_targets"": 6}",false
352,"{""cdn_provider"": ""CloudFront"", ""cache_hit_ratio"": 0.92, ""origin_requests"": 1500}",false
353,"{""ssl_certificate"": ""wildcard"", ""issuer"": ""Let's Encrypt"", ""expiry"": ""2024-12-31""}",false
354,"{""monitoring_dashboard"": ""system_overview"", ""widgets"": 12, ""refresh_interval"": 30}",false
355,"{""compliance_check"": ""gdpr"", ""status"": ""compliant"", ""last_audit"": ""2024-01-01""}",false
356,"{""machine_learning_model"": ""recommendation_engine"", ""accuracy"": 0.89, ""training_data"": ""1M_samples""}",false
357,"{""data_pipeline"": ""etl_daily"", ""source"": ""mongodb"", ""destination"": ""data_warehouse""}",false
358,"{""kubernetes_pod"": ""api-deployment-abc123"", ""cpu_usage"": ""65%"", ""memory_usage"": ""512MB""}",false
359,"{""docker_image"": ""app:v1.2.3"", ""size"": ""150MB"", ""layers"": 8}",false
360,"{""git_branch"": ""feature/new-ui"", ""commits_ahead"": 5, ""merge_conflicts"": false}",false
361,"{""network_interface"": ""eth0"", ""bytes_in"": 1048576, ""bytes_out"": 524288}",false
362,"{""file_system"": ""/dev/sda1"", ""total_space"": ""100GB"", ""free_space"": ""25GB""}",false
363,"{""process_id"": ""12345"", ""cpu_time"": ""2.5s"", ""memory_usage"": ""256MB""}",false
364,"{""thread_pool"": ""worker_threads"", ""active_threads"": 8, ""queue_size"": 15}",false
365,"{""garbage_collection"": ""G1GC"", ""pause_time"": ""10ms"", ""frequency"": ""every_30s""}",false
366,"{""connection_string"": ""postgresql://localhost:5432/app_db"", ""max_connections"": 100, ""current_connections"": 45}",false
367,"{""search_index"": ""products_v2"", ""document_count"": 1000000, ""size"": ""2.1GB""}",false
368,"{""message_broker"": ""RabbitMQ"", ""exchange_type"": ""topic"", ""routing_key"": ""order.created""}",false
369,"{""streaming_platform"": ""Apache Kafka"", ""partition_count"": 12, ""replication_factor"": 3}",false
370,"{""container_orchestrator"": ""Kubernetes"", ""namespace"": ""production"", ""pod_count"": 25}",false
371,"{""microservice_architecture"": ""event_driven"", ""service_count"": 15, ""communication"": ""async""}",false
372,"{""api_gateway"": ""Kong"", ""rate_limiting"": ""1000_rpm"", ""authentication"": ""JWT""}",false
373,"{""service_mesh"": ""Istio"", ""sidecar_proxy"": ""Envoy"", ""mTLS_enabled"": true}",false
374,"{""observability_stack"": ""ELK"", ""log_retention"": ""30_days"", ""alert_rules"": 25}",false
375,"{""aadhar"": ""7890 XXXX 6781"", ""address_verification"": ""completed"", ""timestamp"": ""2024-01-20T09:15:00Z""}",true
376,"{""name"": ""AXXX KXXX"", ""email"": ""arXXX@film.in"", ""address"": ""[SECURE_ADDRESS]""}",true
377,"{""phone"": ""98XXXXXX10"", ""carrier_name"": ""Airtel"", ""plan_type"": ""postpaid""}",true
378,"{""upi_id"": ""arXXX@paytm"", ""linked_bank"": ""HDFC Bank"", ""kyc_status"": ""verified""}",true
379,"{""passport"": ""PXXXXXXX"", ""issue_place"": ""Mumbai"", ""validity"": ""10_years""}",true
380,"{""name"": ""SXXX GXXX"", ""phone"": ""87XXXXXX09"", ""email"": ""soXXX@personal.in"", ""device_type"": ""Android""}",true
381,"{""aadhar"": ""8901 XXXX 7890"", ""biometric_status"": ""locked"", ""unlock_required"": true}",true
382,"{""name"": ""VXXX SXXX"", ""address"": ""[SECURE_ADDRESS]"", ""ip_address"": ""203.88.XXX.XXX""}",true
383,"{""phone"": ""76XXXXXX98"", ""international_code"": ""+91"", ""verified"": true}",true
384,"{""upi_id"": ""viXXX@okaxis"", ""transaction_pin"": ""set"", ""daily_limit"": 100000}",true
385,"{""passport"": ""LXXXXXXX"", ""photo_updated"": ""2024-01-15"", ""pages_left"": 32}",true
386,"{""name"": ""MXXX SXXX"", ""email"": ""meXXX@office.com"", ""department"": ""HR""}",true
387,"{""aadhar"": ""9012 XXXX 8901"", ""mobile_verification"": ""pending"", ""otp_sent"": true}",true
388,"{""name"": ""RXXX SXXX"", ""address"": ""[SECURE_ADDRESS]"", ""phone"": ""89XXXXXX67""}",true
389,"{""phone"": ""67XXXXXX45"", ""sms_service"": ""enabled"", ""promotional_consent"": false}",true
390,"{""upi_id"": ""roXXX@ybl"", ""beneficiary_limit"": 20, ""recent_transaction"": ""2024-01-20""}",true
391,"{""passport"": ""AXXXXXXX"", ""emergency_contact_name"": ""Priya Shetty"", ""relationship"": ""spouse""}",true
392,"{""name"": ""KXXX MXXX"", ""email"": ""kaXXX@actress.in"", ""ip_address"": ""117.196.XXX.XXX""}",true
393,"{""aadhar"": ""0123 XXXX 9012"", ""demographic_auth"": ""success"", ""attempt_count"": 1}",true
394,"{""name"": ""AXXX DXXX"", ""address"": ""[SECURE_ADDRESS]"", ""email"": ""ajXXX@action.com""}",true
395,"{""phone"": ""92XXXXXX01"", ""call_log_consent"": true, ""privacy_setting"": ""medium""}",true
396,"{""upi_id"": ""ajXXX@icici"", ""merchant_payments"": 15, ""last_settlement"": ""2024-01-19""}",true
397,"{""passport"": ""HXXXXXXX"", ""visa_pages"": 8, ""endorsement_pages"": 2}",true
398,"{""name"": ""TXXX KXXX"", ""phone"": ""81XXXXXX89"", ""email"": ""taXXX@versatile.in""}",true
399,"{""aadhar"": ""1234 XXXX 0123"", ""bank_seeding"": ""completed"", ""subsidy_linked"": true}",true
400,"{""name"": ""NXXX SXXX"", ""address"": ""[SECURE_ADDRESS]"", ""ip_address"": ""59.144.XXX.XXX""}",true
401,"{""phone"": ""78XXXXXX56"", ""roaming_activated"": true, ""international_plan"": ""active""}",true
402,"{""upi_id"": ""naXXX@sbi"", ""family_account"": true, ""members_linked"": 4}",true
403,"{""passport"": ""TXXXXXXX"", ""chip_technology"": ""enabled"", ""security_features"": ""enhanced""}",true
404,"{""name"": ""KXXX SXXX"", ""email"": ""koXXX@independent.in"", ""device_id"": ""IPHOXXXXE789""}",true
405,"{""aadhar"": ""2345 XXXX 1234"", ""disability_flag"": false, ""senior_citizen"": false}",true
406,"{""name"": ""IXXX KXXX"", ""address"": ""[SECURE_ADDRESS]"", ""phone"": ""69XXXXXX78""}",true
407,"{""phone"": ""95XXXXXX34"", ""caller_tune"": ""enabled"", ""ringback_tone"": ""bollywood_classic""}",true
408,"{""upi_id"": ""irXXX@phonepe"", ""insurance_premium"": ""auto_debit"", ""policy_linked"": true}",true
409,"{""passport"": ""KXXXXXXX"", ""place_of_birth"": ""Mumbai"", ""spouse_name"": ""Sutapa Sikdar""}",true
410,"{""name"": ""PXXX TXXX"", ""email"": ""paXXX@character.in"", ""ip_address"": ""14.139.XXX.XXX""}",true
411,"{""aadhar"": ""3456 XXXX 2345"", ""rural_address"": false, ""urban_classification"": true}",true
412,"{""name"": ""RXXX AXXX"", ""address"": ""[SECURE_ADDRESS]"", ""email"": ""raXXX@bold.com""}",true
413,"{""phone"": ""84XXXXXX12"", ""missed_call_alert"": true, ""call_waiting"": ""enabled""}",true
414,"{""upi_id"": ""raXXX@unionbank"", ""loan_emi"": ""auto_pay"", ""next_due"": ""2024-02-01""}",true
415,"{""passport"": ""RXXXXXXX"", ""frequent_traveler"": true, ""miles_accumulated"": 50000}",true
416,"{""name"": ""AXXX KXXX"", ""phone"": ""73XXXXXX01"", ""email"": ""ayXXX@versatile.in""}",true
417,"{""aadhar"": ""4567 XXXX 3456"", ""health_id"": ""linked"", ""vaccination_status"": ""fully_vaccinated""}",true
418,"{""name"": ""BXXX PXXX"", ""address"": ""[SECURE_ADDRESS]"", ""ip_address"": ""122.161.XXX.XXX""}",true
419,"{""phone"": ""96XXXXXX34"", ""network_type"": ""4G"", ""data_usage"": ""15GB_monthly""}",true
420,"{""upi_id"": ""bhXXX@kotak"", ""savings_goal"": ""home_purchase"", ""target_amount"": 5000000}",true
421,"{""passport"": ""SXXXXXXX"", ""digital_copy"": ""available"", ""qr_code"": ""generated""}",true
422,"{""name"": ""RXXX RXXX"", ""email"": ""raXXX@method.in"", ""device_type"": ""Samsung""}",true
423,"{""aadhar"": ""5678 XXXX 4567"", ""aadhaar_pay"": ""enabled"", ""micro_atm"": ""registered""}",true
424,"{""name"": ""KXXX SXXX"", ""address"": ""[SECURE_ADDRESS]"", ""phone"": ""87XXXXXX45""}",true
425,"{""phone"": ""67XXXXXX45"", ""backup_sim"": ""inactive"", ""primary_number"": true}",true
426,"{""upi_id"": ""krXXX@yesbank"", ""credit_score_check"": ""monthly"", ""current_score"": 785}",true
427,"{""passport"": ""CXXXXXXX"", ""biometric_data"": ""encrypted"", ""facial_recognition"": true}",true
428,"{""name"": ""KXXX AXXX"", ""email"": ""kaXXX@comedy.in"", ""ip_address"": ""203.192.XXX.XXX""}",true
429,"{""aadhar"": ""6789 XXXX 5678"", ""consent_manager"": ""registered"", ""data_sharing"": ""limited""}",true
430,"{""name"": ""AXXX PXXX"", ""address"": ""[SECURE_ADDRESS]"", ""email"": ""anXXX@gen_z.com""}",true
431,"{""phone"": ""78XXXXXX56"", ""video_calling"": true, ""screen_sharing"": ""enabled""}",true
432,"{""upi_id"": ""anXXX@hdfcbank"", ""student_account"": true, ""education_loan"": ""linked""}",true
433,"{""passport"": ""NXXXXXXX"", ""minor_passport"": false, ""guardian_details"": ""not_applicable""}",true
434,"{""name"": ""TXXX SXXX"", ""phone"": ""89XXXXXX67"", ""email"": ""tiXXX@action.in""}",true
435,"{""aadhar"": ""7890 XXXX 6789"", ""fitness_tracker"": ""linked"", ""health_records"": ""digital""}",true
436,"{""name"": ""DXXX PXXX"", ""address"": ""[SECURE_ADDRESS]"", ""ip_address"": ""117.196.XXX.XXX""}",true
437,"{""phone"": ""90XXXXXX78"", ""ai_assistant"": ""enabled"", ""voice_recognition"": true}",true
438,"{""upi_id"": ""diXXX@axis"", ""fashion_expenses"": ""tracked"", ""budget_alert"": true}",true
439,"{""passport"": ""DXXXXXXX"", ""travel_insurance"": ""comprehensive"", ""coverage"": ""worldwide""}",true
440,"{""name"": ""VXXX KXXX"", ""email"": ""viXXX@intense.in"", ""device_id"": ""ONEPXXXXS123""}",true
441,"{""aadhar"": ""8901 XXXX 7890"", ""military_service"": ""eligible"", ""ncc_certificate"": true}",true
442,"{""name"": ""KXXX AXXX"", ""address"": ""[SECURE_ADDRESS]"", ""phone"": ""71XXXXXX90""}",true
443,"{""phone"": ""82XXXXXX90"", ""conference_call"": ""premium"", ""participants_limit"": 50}",true
444,"{""upi_id"": ""kiXXX@indianbank"", ""jewelry_insurance"": ""active"", ""premium"": ""monthly""}",true
445,"{""passport"": ""VXXXXXXX"", ""diplomatic_immunity"": false, ""official_travel"": ""business""}",true
446,"{""name"": ""SXXX MXXX"", ""email"": ""siXXX@romantic.in"", ""ip_address"": ""59.144.XXX.XXX""}",true
447,"{""aadhar"": ""9012 XXXX 8901"", ""property_registration"": ""linked"", ""stamp_duty"": ""paid""}",true
448,"{""name"": ""SXXX KXXX"", ""address"": ""[SECURE_ADDRESS]"", ""email"": ""shXXX@melodious.com""}",true
449,"{""phone"": ""93XXXXXX12"", ""music_streaming"": ""premium"", ""offline_downloads"": 500}",true
450,"{""upi_id"": ""shXXX@pnb"", ""concert_tickets"": ""auto_book"", ""artist_alerts"": true}",true
451,"{""passport"": ""UXXXXXXX"", ""artist_visa"": ""multi_entry"", ""performance_permit"": true}",true
452,"{""name"": ""VXXX SXXX"", ""phone"": ""84XXXXXX12"", ""email"": ""vaXXX@comedy.in""}",true
453,"{""aadhar"": ""0123 XXXX 9012"", ""comedy_club"": ""member"", ""performance_rights"": ""registered""}",true
454,"{""name"": ""JXXX KXXX"", ""address"": ""[SECURE_ADDRESS]"", ""ip_address"": ""203.88.XXX.XXX""}",true
455,"{""phone"": ""75XXXXXX23"", ""fashion_alerts"": true, ""brand_notifications"": ""selective""}",true
456,"{""upi_id"": ""jaXXX@canara"", ""designer_payments"": ""frequent"", ""luxury_limit"": 1000000}",true
457,"{""passport"": ""FXXXXXXX"", ""fashion_week"": ""participant"", ""designer_collaboration"": true}",true
458,"{""name"": ""AXXX RXXX"", ""email"": ""arXXX@intense.in"", ""device_type"": ""OnePlus""}",true
459,"{""aadhar"": ""1234 XXXX 0123"", ""medical_college"": ""alumni"", ""practicing_license"": ""valid""}",true
460,"{""name"": ""RXXX MXXX"", ""address"": ""[SECURE_ADDRESS]"", ""phone"": ""96XXXXXX34""}",true
461,"{""phone"": ""68XXXXXX56"", ""regional_content"": ""Telugu"", ""dubbing_preference"": ""original""}",true
462,"{""upi_id"": ""raXXX@sbi"", ""south_cinema"": ""promotions"", ""fan_engagement"": ""high""}",true
463,"{""passport"": ""GXXXXXXX"", ""regional_cinema"": ""ambassador"", ""cultural_exchange"": true}",true
464,"{""name"": ""AXXX AXXX"", ""email"": ""alXXX@stylish.in"", ""ip_address"": ""14.139.XXX.XXX""}",true
465,"{""aadhar"": ""2345 XXXX 1234"", ""dance_academy"": ""owner"", ""choreography_rights"": ""exclusive""}",true
466,"{""name"": ""SXXX AXXX"", ""address"": ""[SECURE_ADDRESS]"", ""email"": ""saXXX@versatile.in""}",true
467,"{""phone"": ""89XXXXXX67"", ""charity_work"": ""active"", ""foundation_calls"": ""priority""}",true
468,"{""upi_id"": ""saXXX@hdfc"", ""donation_auto"": ""monthly"", ""cause"": ""women_empowerment""}",true
469,"{""passport"": ""IXXXXXXX"", ""humanitarian_visa"": ""active"", ""ngo_collaboration"": true}",true
470,"{""name"": ""RXXX CXXX"", ""phone"": ""72XXXXXX90"", ""email"": ""ram@megastar.in""}",true
471,"{""aadhar"": ""3456 XXXX 2345"", ""horse_racing"": ""license"", ""stable_owner"": true}",true
472,"{""name"": ""JXXX NXXX"", ""address"": ""[SECURE_ADDRESS]"", ""ip_address"": ""122.161.XXX.XXX""}",true
473,"{""phone"": ""83XXXXXX01"", ""political_updates"": ""subscribed"", ""rally_notifications"": true}",true
474,"{""upi_id"": ""ntr@andhra"", ""political_donations"": ""transparent"", ""party_fund"": ""contributor""}",true
475,"{""passport"": ""JXXXXXXX"", ""political_visa"": ""diplomatic"", ""state_visits"": ""official""}",true
476,"{""name"": ""MXXX BXXX"", ""email"": ""maXXX@superstar.in"", ""device_id"": ""PRINXXXXE123""}",true
477,"{""aadhar"": ""4567 XXXX 3456"", ""production_house"": ""owner"", ""film_financing"": ""independent""}",true
478,"{""name"": ""PXXX RXXX"", ""address"": ""[SECURE_ADDRESS]"", ""phone"": ""94XXXXXX12""}",true
479,"{""phone"": ""76XXXXXX34"", ""pan_india"": ""stardom"", ""multilingual_alerts"": true}",true
480,"{""upi_id"": ""prXXX@federal"", ""movie_budget"": ""international"", ""currency"": ""multi""}",true
481,"{""passport"": ""BXXXXXXX"", ""international_filming"": ""permitted"", ""visa_facilitation"": true}",true
482,"{""name"": ""RXXX DXXX"", ""email"": ""raXXX@versatile.in"", ""ip_address"": ""203.192.XXX.XXX""}",true
483,"{""aadhar"": ""5678 XXXX 4567"", ""visual_effects"": ""studio_owner"", ""technology_innovator"": true}",true
484,"{""name"": ""AXXX SXXX"", ""address"": ""[SECURE_ADDRESS]"", ""email"": ""anXXX@baahubali.in""}",true
485,"{""phone"": ""85XXXXXX23"", ""fitness_regime"": ""strict"", ""trainer_calls"": ""daily""}",true
486,"{""upi_id"": ""anXXX@karnataka"", ""fitness_equipment"": ""premium"", ""health_monitoring"": ""advanced""}",true
487,"{""passport"": ""EXXXXXXX"", ""fitness_travel"": ""wellness"", ""spa_treatments"": ""international""}",true
488,"{""name"": ""TXXX BXXX"", ""phone"": ""97XXXXXX45"", ""email"": ""taXXX@glamorous.in""}",true
489,"{""aadhar"": ""6789 XXXX 5678"", ""brand_ambassador"": ""multiple"", ""endorsement_value"": ""premium""}",true
490,"{""name"": ""KXXX AXXX"", ""address"": ""[SECURE_ADDRESS]"", ""ip_address"": ""117.196.XXX.XXX""}",true
491,"{""phone"": ""61XXXXXX89"", ""punjabi_connection"": ""cultural"", ""regional_films"": ""multilingual""}",true
492,"{""upi_id"": ""kaXXX@punjab"", ""cultural_events"": ""sponsor"", ""heritage_preservation"": ""donor""}",true
493,"{""passport"": ""LXXXXXXX"", ""cultural_ambassador"": ""official"", ""international_events"": ""participant""}",true
494,"{""name"": ""RXXX PXXX SXXX"", ""email"": ""raXXX@fitness.in"", ""device_type"": ""iPhone_Pro""}",true
495,"{""aadhar"": ""7890 XXXX 6789"", ""fitness_influencer"": ""certified"", ""wellness_brand"": ""founder""}",true
496,"{""name"": ""PXXX HXXX"", ""address"": ""[SECURE_ADDRESS]"", ""phone"": ""82XXXXXX90""}",true
497,"{""phone"": ""78XXXXXX56"", ""dance_choreography"": ""skilled"", ""performance_rights"": ""exclusive""}",true
498,"{""upi_id"": ""poXXX@maharashtra"", ""dance_academy"": ""investment"", ""cultural_promotion"": ""active""}",true
499,"{""passport"": ""MXXXXXXX"", ""dance_festivals"": ""judge"", ""international_recognition"": true}",true
500,"{""name"": ""RXXX CXXX"", ""email"": ""reXXX@multilingual.in"", ""ip_address"": ""59.144.XXX.XXX""}",true
